,sn,command,date,crash_time,report_time,arrival_time,response_time,route,location,vehicle_no,vehicle_type,vehicle_cat,vehicle_make,vehicle_model,fleet_operator,name_of_driver,dl_no,causes,no_injured_male_adult,no_injured_female_adult,no_injured_male_child,no_injured_female_child,total_injured,no_killed_male_adult,no_killed_female_adult,no_killed_male_child,no_killed_female_child,total_killed,no_involved_male_adult,no_involved_female_adult,no_involved_male_child,no_involved_female_child,total_involved
9,1,RS11.2,03/01/2017,1525,1531,1546,15,AKR - OWO,KM 21 VBOLORUNDURO,"EM 182 FST, AG 36 FGB & LSD 321 CF",3 CAR,3 PVT,"TYT, MAZDA & MAXIMA","CAMRY, 323 & MAXIMA",,,,WOV,5,1,0,0,6,0,0,0,0,0,5,1,0,0,6
10,2,RS11.2,09/01/2017,0815,0820,0830,10,AKR - OWO,KM 11 OBA ILE JUNCT.,NND 957 AE & FKJ 146 XG,JEEP & BUS,PVT & COM,2 TYT,HIGHLANDER & HIACE,,,,SLV & WOV,2,4,2,2,10,1,0,0,0,1,8,6,2,2,18
11,3,RS11.2,12/01/2017,1300,1310,1320,10,AKR - OWO,KM 11 OBA ILE JUNCT.,BF 95 BDJ,CAR,PVT,TYT,PREVIA,,,,TBT,1,6,0,0,7,1,0,0,0,1,2,6,0,0,8
12,4,RS11.2,0,0,0,0,0,0,0,0,0,0,0,0,,,,0,0,0,0,0,0,0,0,0,0,0,0,0,0,0,0
13,5,RS11.2,0,0,0,0,0,0,0,0,0,0,0,0,,,,0,0,0,0,0,0,0,0,0,0,0,0,0,0,0,0
15,1,RS11.21,02/01/2017,0330,0335,0342,7,ORE - LAG,KM 13 AFTER AGRIC,BDG 150 XG & KWL 737 XA,LUX BUS & TRK,2 COM,MARCOPOLO & VOLVO,LUX BUS & TRK,,,,"RTV, DGD & SLV",2,6,0,0,8,3,0,0,0,3,50,20,6,3,79
16,2,RS11.21,02/01/2017,1619,1623,1634,11,ORE - OND,KM 19 ASEWELE,XB 117 SHK & KJA 920 CD,2 BUS,COM & PVT,2 TYT,HIACE & PICNIC,,,,BRD & SLV,5,1,1,1,8,0,0,0,0,0,9,4,1,2,16
17,3,RS11.21,03/01/2017,0828,0830,0842,12,ORE - LAG,KM 27 AKINFOSILE,KJA 63 DZ & LND 207 CX,CAR & JEEP,2 PVT,INFINITY & CHRISLER,NEON & JEEP,,,,DGD &  FEV,4,4,0,1,9,1,0,0,1,2,5,4,0,2,11
18,4,RS11.21,03/01/2017,1645,1647,1648,1,ORE - LAG,KM 3.3 NNPC FILLING STATION,NPF & UWN 420 ZT,P/UP & BUS,GOV & COM,2 TYT,HILUX & HIACE,,,,DGD,4,2,0,0,6,0,0,0,0,0,13,4,0,0,17
19,5,RS11.21,06/01/2017,1230,1234,1244,10,ORE - BEN,KM 24 OFOSU,NO NOS,TNK,COM,MACK,TNK,,,,DGD & SLV,2,0,0,0,2,1,0,0,0,1,3,0,0,0,3
20,6,RS11.21,06/01/2017,1603,1604,1606,2,ORE - BEN,KM 24 OFOSU,KNM 800 XA,BUS,COM,TYT,HIACE,,,,SLV & BFL,2,2,0,0,4,0,0,0,0,0,6,9,1,2,18
21,7,RS11.21,12/01/2017,0905,0917,0927,10,ORE - BEN,KM12 ASEJIRE,AWK 147 YC & FST 480 XK,BUS & TNK,PVT & COM,TYT & BEDFORD,SIENNA & LORRY,,,,SPV & DGD,2,0,0,0,2,2,0,0,0,2,13,0,0,0,13
22,8,RS11.21,12/01/2017,1745,1748,1751,9,ORE - BEN,KM 3 ORE JUNCT.,"REL 265 XA, AKR 156 AG, KJA 503 DW, GDD 433 YD & AKU 844 XA","3 BUS, CAR & TRL",3 PVT & 2 COM,4 TYT & MACK ,"2 PICNICS, AVENSIS, TRL & HIACE",,,,SLV & BFL,4,2,0,0,6,0,0,0,0,0,8,8,0,0,16
23,9,RS11.21,17/01/2017,0220,0230,0240,10,ORE - LAG,KM 40 ONOPARAGA,KJA 999 XT,TRK,COM,SCANIA,TRK,,,,SPV & LOC,2,0,0,0,2,0,0,0,0,0,2,0,0,0,2
25,1,RS11.22,03/01/2017,1015,1016,1019,3,OWO - AKR,KM 0.7 FRM IKR JUNCT. B4 NIPCO PETROL STATION,WWW 206 MW & DR 519 LSR,2 CAR,2 PVT,NISSAN & TYT,ALMERA & PREVIA,,,,DGD,2,0,0,0,2,0,0,0,0,0,8,3,0,0,11
26,2,RS11.22,03/01/2017,1030,1035,1043,8,OWO - IFON,KM 18 MELENGE MARKET,EPE 868 BF & AKL 619 YY,CAR & BUS,2 PVT,PGT & INNOSON,504 & BUS,,,,DGD,12,13,0,1,26,0,1,0,0,1,12,13,0,1,26
27,3,RS11.22,0,0,0,0,0,0,0,0,0,0,0,0,,,,0,0,0,0,0,0,0,0,0,0,0,0,0,0,0,0
29,1,RS11.23,02/01/2017,1514,1517,1523,6,IKR - ISUA,KM 2 THEO AKANDE FILLING STATION IKR AKOKO,"AKD 335 AA, AKR 521 WK & JMU 274 VN","CAR, & 2 BIKE",PVT & B2 COM,TYT & 2 BAJAJ,CAMRY &B 2 BOXERSS,,,,BFL,3,0,0,0,3,0,0,0,0,0,4,0,0,0,4
30,2,RS11.23,04/01/2017,1116,1118,1121,4,IKR - ISUA,KM 21 OKE OKA,KUJ 359 GW,P/UP,COM,MIST,P/UP,,,,BFL,3,0,0,0,3,0,0,0,0,0,3,0,0,0,3
31,3,RS11.23,06/01/2017,1330,1334,1341,7,IKR - ISUA,KM 21 OKIA VALLEY,SMK 891 XT,TRL,COM,MACK,TRL,,,,BFL,3,0,0,0,3,0,0,0,0,0,3,0,0,0,3
32,4,RS11.23,08/01/2017,1625,1630,1637,7,IKR - ISUA,KM  17 OKE OKA,EKY 505 XA & BLG 444 XA,2 TRL,2 COM,2 DAF,2 TRF,,,,BFL,3,0,0,0,3,0,0,0,0,0,8,0,0,0,8
33,5,RS11.23,08/01/2017,1245,1250,1301,11,IKR - ISUA,KM 24 EPIMI NNNPC FILLING BSTATION,IKK 188 UK,BUS,COM,PGT,J5,,,,BFL,2,0,0,0,2,2,0,0,0,2,4,0,0,0,4
34,6,RS11.23,0,0,0,0,0,0,0,0,0,0,0,0,,,,0,0,0,0,0,0,0,0,0,0,0,0,0,0,0,0
35,7,RS11.23,0,0,0,0,0,0,0,0,0,0,0,0,,,,0,0,0,0,0,0,0,0,0,0,0,0,0,0,0,0
36,8,RS11.23,0,0,0,0,0,0,0,0,0,0,0,0,,,,0,0,0,0,0,0,0,0,0,0,0,0,0,0,0,0
38,1,RS11.24,02/01/2017,2240,2242,2253,11,OND - IFE,KM 8 BEULA,SRA 795 MY,BIKE,COM,BAJAJ,BOXERS,,,,SLV,1,0,0,0,1,1,0,0,0,1,2,0,0,0,2
39,2,RS11.24,0,0,0,0,0,0,0,0,0,0,0,0,,,,0,0,0,0,0,0,0,0,0,0,0,0,0,0,0,0
40,3,RS11.24,0,0,0,0,0,0,0,0,0,0,0,0,,,,0,0,0,0,0,0,0,0,0,0,0,0,0,0,0,0
42,1,RS11.25,04/01/2017,1230,1231,1236,5,IFON - BEN,KM 9 SOBE,AKR 086 XE & AKR 160 YZ,2 BUS,PVT & COM,2 TYT,SHARON & HIACE,,,,SLV,8,7,0,0,15,0,0,0,0,0,10,16,0,0,26
43,2,RS11.25,06/01/2017,0020,0022,0030,8,IFON - BEN,KM 22 AGBANIKAKA AREA,SMK 676 XM & NIGERIA ARMY,TNK & P/UP,COM & GOV,MACK &TYT,TNK & P/UP,,,,SLV,2,0,0,0,2,1,0,0,0,1,5,2,0,0,7
44,3,RS11.25,16/01/2017,1305,1310,1313,3,IFON - BEN,KM 2 ADELABU  JUNCT. ,KRD 181 EM,CAR,PVT,TYT,CAMRY,,,,SLV,1,0,0,0,1,0,0,0,0,0,1,0,0,0,1
55,1,RS11.2,01/02/2017,0630,0630,0631,1,AKR - OWO,KM 1 INFRONT OF FRSC OFFICE,HIT & RUN,HIT & RUN,0,0,0,,,,DGD,0,0,0,0,0,1,0,0,0,1,2,0,0,0,2
56,2,RS11.2,01/02/2017,1330,1330,1333,3,AKR - IPT,KM 3 FUTA GATE NORTH GATE,KSF 881 XT,TRK,COM,MACK,TRK,,,,DGD,1,0,0,0,1,0,0,0,0,0,3,0,0,0,3
57,3,RS11.2,04/02/2017,1210,1217,1230,13,AKR - IPT,KM 12 ERO,LSR 507 EM & XA 908 GKB,CAR & BUS,PVT  & COM,2 TYT,COROLLA & HIACE,,,,WOV,4,4,0,0,8,0,0,0,0,0,9,8,0,0,17
58,4,RS11.2,14/02/2017,0310,0320,0335,15,AKR - IPT,KM 16 IGBARA OKE,LND 11 XC ,BUS,COM,TYT,HIACE,,,,DGD,3,1,0,0,4,0,0,0,0,0,15,2,0,0,17
59,5,RS11.2,14/02/2017,1600,1602,1604,2,AKR - OWO,KM 0.2 SECRETARIAT,QC 208 LUY & HIT & RUN,BIKE,COM,GINCHENG,BIKE,,,,SPV,1,0,0,0,1,0,0,0,0,0,2,0,0,0,2
60,6,RS11.2,24/02/2017,0650,0655,0705,10,AKR - OWO,KM 7.5 BENIN PARK,DKA 596 ZV & AKR 670 YZ,TNK & CAR,COM & PVT,MACK & DATSUN,TNK & CAR,,,,SOS,2,2,0,0,4,0,0,0,0,0,4,2,0,0,6
62,1,RS11.21,03/02/2017,0430,0433,0440,7,ORE - BEN,KM 3 CAROJI,KSF 727 XS,BUS,COM,TYT,HIACE,,,,SPV & LOC,8,1,0,0,9,2,0,0,0,2,14,1,0,0,15
63,2,RS11.21,05/02/2017,1758,1800,1804,4,ORE - BEN,KM 4 AZOP BRIDGE ,KRD 533 CJ,CAR,PVT,MIST,CAR,,,,DGD,1,0,0,0,1,1,0,0,0,1,2,1,0,0,3
64,3,RS11.21,10/02/2017,0936,0946,0958,11,ORE - LAG,KM 18 STEP DOWN,EKY 673 XT & RAN 237 XA,TRK & TRL,2 COM,SCANIA & HOW0,TRK & TRL,,,,SPV & LOC,1,0,0,0,1,0,0,0,0,0,5,0,0,0,5
65,4,RS11.21,11/02/2017,0326,0352,0405,13,ORE - LAG,KM 18 STEP DOWN,BJE 78 LG & DAL 568 ZX,TRK & TRL,GOV & COM,M/BENZ & HOWO SINO TRK,TRK & TRL,,,,SPV,3,0,0,0,3,0,0,0,0,0,5,0,0,0,5
66,5,RS11.21,14/02/2017,1311,1313,1315,2,ORE - LAG,KM 4 TOLL GATE,EKY 163 BK & NO NOS,CAR & BIKE,PVT  & COM,TYT & HAJUOE,COROLLA & ELEGANT,,,,SPV,1,1,0,0,2,0,0,0,0,0,2,2,1,1,6
67,6,RS11.21,14/02/2017,1730,1734,1738,4,ORE - LAG,KM 42 KAJOLA,KMC 45 XR & LND 298 XB,TRL & TRK,2 COM,HOWO SINO & MACK,TRL & TRK,,,,RTV,5,0,0,0,5,0,0,0,0,0,6,0,0,0,6
68,7,RS11.21,22/02/2017,1705,1710,1715,5,ORE - LAG,KM 20 AGO ODOGUN,XA 266 KRA & JJJ 698 XP,TNK & TRL,2 COM,BEDFORD & TURBO IVECO,TNK & TRL,,,,RTV,3,0,0,0,3,1,0,0,0,1,5,0,0,0,5
70,1,RS11.22,04/02/2017,1120,1123,1128,5,OWO - IFON,KM 2.5 OPP ECO BANK,WWW 77 XA & XA 303 KMC,TRK & BUS,2 COM,M/BENZ & PGT,TRK & J5,,,,SPV & MDV,1,0,0,0,1,0,0,0,0,0,7,7,4,6,24
71,2,RS11.22,25/02/2017,1815,1818,1823,3,OWO - IFON,KM 2 SHAGARI TOWN,MUS 351 CJ,CAR,PVT,TYT,CAMRY,,,,SPV,4,0,0,0,4,0,0,0,0,0,4,0,0,0,4
73,1,RS11.23,12/02/2017,0830,0833,0842,9,IKR - ISUA,KM 21 OKIA,AAA 823 EF & NO NOS,CAR & TRL,PVT  & COM,TYT & HOWO SINO,COROLLA & TRL,,,,BFL,2,2,0,0,4,0,0,0,0,0,7,2,0,0,9
74,2,RS11.23,26/02/2017,1445,1450,1501,11,IKR - ISUA,KM 18 PKE OKA,"KKH 56 AA, NO NOS & SMK 171 XN","CAR, TRK & LUX BUS",PVT & 2 COM,"NISSAN, DAF & MERCEDES","SUNNY,  TRK & 260",,,,BFL,10,0,0,0,10,0,0,0,0,0,24,1,0,0,25
76,1,RS11.24,05/02/2017,0928,0930,0939,9,OND - ORE,KM 6 INDIGO AXIS,REE 709 AA & QY 321 KSD,BUS & BIKE,PVT  & COM,TYT & HAJUOE,PICNIN & SUZUKI,,,,SPV,0,0,0,0,0,1,0,0,0,1,7,3,0,0,10
77,2,RS11.24,26/02/2017,0820,0822,0836,14,OND - AKR,KM 8 OBOTO,AKR 648 AE,CAR,PVT,V/WAGEN,CAR,,,,SPV & WOV,1,2,0,0,3,0,0,0,0,0,2,5,0,0,7
78,3,RS11.24,26/02/2017,1922,1924,1936,12,OND - AKR,KM 7 IGBA AXIS,AKR 14 YT & DV 87 FST,2 CAR,2 PVT,2 NISSAN,PRIMERA & ALTIMA,,,,SPV,2,1,0,0,3,0,0,0,1,1,2,1,0,1,4
80,1,RS11.25,0,0,0,0,0,0,0,0,0,0,0,0,,,,0,0,0,0,0,0,0,0,0,0,0,0,0,0,0,0
92,1,RS11.2,02/04/2017,1210,1213,1225,12,AKR - OND,KM 22 KAJOLA,YAB 402 ZK,BUS,COM,TYT,HIACE,,,,SPV,1,2,1,1,5,0,0,0,0,0,7,5,1,1,14
93,2,RS11.2,08/04/2017,1500,1505,1520,15,AKR - OWO,KM 14 ELEYOWO AFTER AIRPORT,KTU 176 BL & NO NOS,CAR & BIKE,PVT & COM,TYT & HAOJUE,CAMRY & BOXERS,,,,SPV,0,0,0,0,0,2,0,0,0,2,4,0,0,0,4
94,3,RS11.2,15/04/2017,1339,1339,1339,0,AKR - OND,KM 3 OPP ST THOMAS EVENT CENTER,HZ 751 ABC,CAR,COM,HONDA,ACCORD,,,,DGD,1,0,0,0,1,0,0,0,0,0,2,0,0,0,2
95,4,RS11.2,16/04/2019,1425,1430,1440,10,AKR - IPT,KM 2 OPP BADUK FILLING STATION,AGL 36 XG & MUS 676 BE,TRL & CAR,COM & PVT,MACK & V/WAGEN,TRL & PASSAT,,,,BFL,1,0,1,0,2,0,0,0,0,0,4,0,1,1,6
96,5,RS11.2,16/04/2017,2220,2225,2230,5,AKR - OWO,KM 1 OPP MANIA FILLING STATION,"LSR 846 BS, RYM 249 XA, KSF 655 DH & KS 496 BDG",2 CAR & 2 BUS,2 PVT & 2 COM,2 TYT & 2 PGT,"CAMRY, J5, COROLLA & J5",,,,TBT,4,0,0,0,4,0,0,0,0,0,8,1,0,0,9
97,6,RS11.2,18/04/2017,1335,1400,1418,18,AKR - OWO,KM 17 ILU ABO,KJA 905 EH,JEEP,PVT,HONDA,PICATO,,,,SPV,4,0,0,0,4,0,0,0,0,0,4,0,0,0,4
98,7,RS11.2,21/04/2017,2050,2054,2100,6,AKR - OWO,KM  SHASHA MARKET,KSF 974 DX & FGB 568 YH,CAR & BIKE,PVT & COM,TYT & TVS,CAMRY & BIKE,,,,DGD,2,0,0,0,2,1,0,0,0,1,4,0,0,0,4
99,8,RS11.2,28/04/2017,1920,1925,1935,10,AKR -IPT,KM 4 AFTER FUTA GATE,HIT  & RUN & GBA 579 QF,BIKE,COM,HAOJUE,ELEGANT,,,,SPV,0,0,0,0,0,1,0,0,0,1,2,0,0,0,2
100,9,RS11.2,30/04/2017,0840,0842,0850,8,AKR - T/SHIP,KM 2 ADEBOWALE GAS,FKY 285 XL & HF 224 AAA,TRL & CAR,COM & PVT,MACK & TYT,TRL & CORROLA,,,,SPV,2,0,0,0,2,0,0,0,0,0,3,0,0,0,3
102,1,RS11.21,01/04/2017,1425,1430,1435,5,ORE - LAG,KM 56 AJEBANDELE,LSR 560 XJ & LSD 953 CH,BUS & CAR,COM & PVT,2 TYT,HIACE &  COROLLA,UBI TRANSIT,,,SPV,1,0,0,0,1,0,0,0,0,0,11,7,0,0,18
103,2,RS11.21,10/04/2017,2015,2025,2045,20,ORE - BEN,KM 20 ASEJIRE,APP 317 XF & NO NOS,TRL & BIKE,2 COM,DAF & SUZUKI,TRL & HAOJUE,PURE DUFIL FLOUR MILL,,,DOT & SPV,0,0,0,1,1,0,1,1,0,2,3,1,1,1,6
104,3,RS11.21,12/04/2017,2006,2053,2104,11,ORE - BEN,KM 32 BY MILITARY CHECK POINT,JUT  138 XA & BEN 07 XA,TRL & BUS,2 COM,HOWO SINO & TYT,TRL & HIACE,DANGOTE TRANS & EDEGBE TRANS,,,SPV,2,0,0,0,2,1,0,0,0,1,11,5,0,0,16
105,4,RS11.21,13/04/2017,1708,1718,1724,6,ORE - BEN,KM 6 CAROSOJI,LND 529 XA & NLC 35 FCT,BUS & TRK,COM & GOV,TYT & DAF,HIACE & TRK,YOUNG SHALL GROWN & NLC,,,SPV,1,0,0,0,1,0,0,0,0,0,9,4,0,0,13
106,5,RS11.21,18/04/2017,1047,1055,1103,8,ORE - LAG,KM 9 MTN MAST ,GGE 799 EF,BUS,PVT,TYT,SIENNA,,,,SPV,3,2,0,0,5,0,0,0,0,0,3,3,0,0,6
108,1,RS11.22,02/04/2014,1610,1620,1625,5,OWO - AKR,KM 24 USO,FKJ 996 CP & XA 447 AGL,CAR & TRK,PVT & COM,TYT & MAN DIESEL,CAMRY  & TRK,,,,WOV,3,1,0,0,4,0,0,0,0,0,5,1,0,0,6
109,2,RS11.22,06/04/2017,1130,1133,1137,4,OWO - AKR,KM 10 EMURE JUNCT,AKD 304 XT,BUS,COM,TYT,HIACE,,,,MDV & LOC,2,1,0,0,3,0,0,0,0,0,9,5,1,0,15
110,3,RS11.22,10/04/2017,0920,0923,0926,3,OWO - AKR,KM 18 AMURIN,KTU 415 AX,CAR,COM,NISSAN ,ALMERA,,,,SPV &  LOC,0,1,0,0,1,0,0,0,0,0,2,2,0,2,6
111,4,RS11.22,10/04/2017,1035,1037,1042,5,OWO - AKR,KM 10 EMURE VILLAGE,WWW 767 XA,BUS,COM,FORD,DUCCANTO,,,,SLV & LOC,1,0,0,0,1,0,0,0,0,0,2,0,0,0,2
112,5,RS11.22,11/04/207,1640,1653,1658,5,OWO - T/SHIP,KM 4 GRA,NO NOS & NO NOS,2 BIKE,2 COM,2 BAJAJ,2 BOXERS,,,,SPV,2,0,0,0,2,0,0,0,0,0,2,0,0,0,2
113,6,RS11.22,13/04/2017,1725,1728,1731,4,OWO - AKR,KM 1.5 NIPCO FILLING STATION,NO NOS & JJJ 635 DK,BIKE & CAR,COM & PVT,BAJAJ & TYT,BOXERS & CAMRY,,,,WOV,2,0,0,0,2,0,0,0,0,0,6,3,0,0,9
114,7,RS11.22,14/04/2017,1310,1316,1323,7,OWO - AKR,KM 18 AMURIN,RSH 812 HF & AL 635 LKJ,2 CAR,2 PVT,2 TYT,CAMRY & CARINA,,,,BRD,6,0,0,0,6,0,0,0,0,0,7,0,0,0,7
115,8,RS11.22,27/04/2017,0430,0605,0611,6,OWO - IKR,KM 10 AGOPANU,XB 481 GWA & KRD 75 XU,BUS & TRK,2 COM,DAF & PGT,J5 & TRK,,,,OBS,1,0,0,0,1,1,0,0,0,1,4,0,0,0,4
117,1,RS11.23,12/04/2017,1020,1033,1045,12,IKR - OWO,KM 21 AGO OKA OBA AKOKO,KAA 186 FK & KTU 97 XN,CAR & TRL,PVT & COM,NISSAN & HOWO,PREMIRA & TRL,,,,SPV,2,0,0,0,2,0,0,0,0,0,6,0,0,0,6
118,2,RS11.23,14/04/2017,0430,0440,0456,16,IKR - ISUA,KM 18 OKIA VALLEY,XA 868 ABT,TRK,COM,DAF,TRK,,,,BFL,1,0,0,0,1,1,0,0,0,1,2,0,0,0,2
119,3,RS11.23,14/04/2017,1630,1635,1651,16,IKR - ISUA,KM 18 OKIA VALLEY,01Z121FG & BEN 133 YQ,P/UP & BUS,GOV & COM,2 TYT,HILUX & HIACE,,,,RTV,4,2,0,0,6,0,0,0,0,0,13,6,0,0,19
120,4,RS11.23,15/04/2017,1830,1833,1837,4,IKR - ADO,KM 2 NYSC CAMP,HIT & RUN,0,0,0,0,,,,SPV,0,0,0,0,0,1,0,0,0,1,2,0,0,0,2
121,5,RS11.23,16/04/2017,130,1232,1235,3,IKR - ISUA,KM 18 OKE - OKA,MSH 51 XA,BUS,COM,PGT,J5,,,,BFL,1,0,0,0,1,0,0,0,0,0,3,0,0,0,3
122,6,RS11.23,22/04/2017,0920,0923,0935,12,IKR - OWO,KM 22 OGO AJAYI OBA AKOKO,"KJA 851 XU, MUS 976 DA & LND 689 DK",TRL & 2 CAR,COM & 2 PVT,MARK & 2 TYT,TRL & 2 COROLLA,,,,SPV,1,1,0,0,2,0,0,0,0,0,5,2,2,1,10
124,1,RS11.24,09/04/2017,1735,1737,1757,20,OND - AKR,KM 13 OWENA,NND 855 AA & EPE 96 BG,CAR & BUS,PVT & COM,2 TYT,COROLLA & HIACE,,,,SPV,9,6,0,1,16,0,0,0,0,0,9,6,0,1,16
125,2,RS11.24,17/04/2017,1958,2000,2010,10,OND - IFE,KM 12 IYANA,RLG 450 XA & NO NOS,BUS & TRK,2 COM,SUZUKI & ASTON 3POLE,CARRY BUS & TRK,,,,SPV & ROV,0,0,0,0,0,3,3,0,0,6,3,3,0,0,6
126,3,RS11.24,21/04/2017,1110,1113,1123,10,OND - T/SHIP,KM 3 DIAMOND BANK,XB 733 BD,BUS,COM,MAZDA,EZ 300,,,,SPV & BFL,3,5,0,0,8,0,0,0,0,0,4,5,0,0,9
127,4,RS11.24,21/04/2017,0500,0600,0602,2,OND - ORE,KM 02 IFE PARK R/ABOUT,NO NOS,TRK,COM,MARK,TRK,,,,SPV & LOC,0,0,0,0,0,0,0,0,0,0,2,0,0,0,2
128,5,RS11.24,23/04/2017,1800,1802,1810,8,OND - IFE,KM 5 VALENTINO JUNCTION,KJA 544 DC,BUS,COM,TYT,SIENNA,,,,SPV,1,0,0,0,1,2,0,0,0,2,4,0,0,0,4
130,1,RS11.25,30/04/2017,0850,0853,0856,3,IFON - OWO,KM 1 OPP AKURE PARK,LSD 872 CZ,CAR,PVT,HONDA,ACCORD,,,,SLV ,1,0,0,0,1,0,0,0,0,0,1,0,0,0,1
150,1,RS11.2,01/05/2017,0930,0935,0950,15,AKR - OWO,KM 20 OGBESE,KTU B151 BP & CM 175 RSH,2 CAR,2 PVT,HONDA & NISSAN,JAZZ & PRIMERA,,,,SPV,6,0,0,0,6,0,0,0,0,0,7,0,0,0,7
151,2,RS11.2,01/05/2017,2215,2216,2218,15,AKR - OWO,KM 1 AFTER BASE,KTP 214 XA & MUS 506 XS,CAR & TRK,2 COM,V/WAGEN & DAF,GOLF & TRK,,,,SPV & DGD,0,0,0,0,0,1,0,0,0,1,5,0,0,0,5
152,3,RS11.2,07/05/2017,0650,0700,0715,15,AKR - IPT,KM 12 ERO JUNCTION,"FST 611 XA, XY 942 EKY & MUS 213 XT",2 TRK & BUS,3 COM,"SCANIA, TYT & M/BENZ","TRK, HIACE & TRK",,,,DGD & OBS,14,2,3,0,19,1,0,0,0,1,19,2,3,0,24
153,4,RS11.2,07/05/2017,0750,0753,0800,7,AKR - T/SHIP,20M FUTA JUNCTION,"AKR 334 YT, WWW 357 AE & NND 144 YJ",3 CAR,3 PVT,"NISSAN, MAZDA & BOVER BM","ALMERA, 323 & BM 100",,,,BFL,1,0,0,0,1,0,0,0,0,0,5,2,0,0,7
154,5,RS11.2,11/05/2017,2330,2335,2350,15,AKR - IPT,KM 13 IGBARA OKE,"AAA 605 XS, AKR 221 YW & MMR 176 XA & NO NOS",3 BUS & TRK,4 COM,"FOTO, TYT, PGT & TRK","BUS, HIACE , J5 & TRK",,,,"DGD, SPV &WOV",9,3,0,0,12,4,0,0,0,4,32,3,0,0,35
155,6,RS11.2,15/05/2017,1705,1715,1730,15,AKR - OND,KM 11 BOLORUNDURO,JJJ 968 DR & KJA 322 EC,JEEP & CAR,2 PVT,TYT & KIA,RAV4 & SPORTAGE,,,,SPV,2,0,0,0,2,0,0,0,0,0,5,1,0,0,6
156,7,RS11.2,16/05/2017,1310,1315,1320,5,AKR - IPT,KM 12 B4 ERO COLLEGE,KPA 328 LG,BUS,GOV,TYT,HIACE ,,,,SPV,3,2,0,0,5,0,0,0,0,0,9,5,0,0,14
157,8,RS11.2,16/05/2017,1345,1348,1350,2,AKR - IPT,KM 12.5 ERO COLLEGE,XC 265 EGB,BUS,COM,MAZDA,BUS,,,,SPV,0,0,0,0,0,0,0,0,0,0,2,1,2,1,6
158,9,RS11.2,23/05/2017,1410,1412,1418,6,AKR - OWO,KM 8 OBA ILE JUNCT. ALONG EXPRESS,"LSD 883 XF, NO NOS & MUS 142 AP",2 BUS & BIKE,2 PVT & COM,2 TYT & HAOJUE,"HIACE, SIENNA & SUZUKI",,,,WOV & SPV,1,1,0,0,2,1,0,0,0,1,19,4,0,0,23
159,10,RS11.2,26/05/2017,0456,0500,0515,15,AKR - IPT,KM 10 IGBARA OKE,KPA 222 LG & BEKY 643 XM,BUS & TRK,2 COM,TYT & DAF,HIACE & TRK,,,,OVL & SPV,1,0,0,0,1,4,0,0,0,4,5,0,0,0,5
161,1,RS11.21,05/05/2017,1340,1345,1350,5,ORE - LAG,KM 53 ONITEA ARIFEM  FILLING STATION,XJ 434 USL,BUS,COM,HYUNDAI,BUS,,,,SPV,3,3,0,0,6,0,0,0,0,0,6,7,2,3,18
162,2,RS11.21,0,0,0,0,0,0,0,0,0,0,0,0,,,,0,0,0,0,0,0,0,0,0,0,0,0,0,0,0,0
163,3,RS11.21,0,0,0,0,0,0,0,0,0,0,0,0,,,,0,0,0,0,0,0,0,0,0,0,0,0,0,0,0,0
164,4,RS11.21,0,0,0,0,0,0,0,0,0,0,0,0,,,,0,0,0,0,0,0,0,0,0,0,0,0,0,0,0,0
165,5,RS11.21,0,0,0,0,0,0,0,0,0,0,0,0,,,,0,0,0,0,0,0,0,0,0,0,0,0,0,0,0,0
167,1,RS11.22,04/05/2017,1150,1200,1205,5,OWO - AKR,KM 10 EMURE ULI,"LND 957 XB, LND 688 EE & 50V80 FG",2 BUS & JEEP ,2 PVT & GOV,3 TYT,"SIENNA, PRADO & COASTER",,,,MDV,5,2,0,0,7,0,0,0,0,0,12,2,0,0,14
168,2,RS11.22,11/05/2017,1700,1705,1714,9,OWO - AKR,KM 28 OGBESE,GWA 407 XN,TNK,COM,DAF,TNK,,,,MDV,2,0,0,0,2,1,0,0,0,1,3,0,0,0,3
169,3,RS11.22,18/05/2017,1805,1807,1810,3,OWO - AKR,KM 4 FIRST MOLAQ JUNC.,WWW 160 QV & AAA 760 QH,2 BIKE,2 COM,2 BAJAJ,2 BOXERS,,,,DGD,2,0,0,0,2,0,0,0,0,0,2,1,0,0,3
170,4,RS11.22,18/05/2017,1815,1818,1823,5,OWO - IKR,KM 8 AGO PANU,AG 179 ANG & MUS 747 XD,CAR & BUS,PVT & COM,NISSAN & TYT,ALMERA & HIACE,,,,DGD,4,5,0,0,9,2,0,0,0,2,6,5,0,0,11
171,5,RS11.22,18/05/2017,2235,2238,2241,3,OWO - AKR,KM 18 AMURIN,LND 259 XR & JJJ 882 XA,P/UP & CAR,2 COM,MIST & FORD,CANTER & E150,,,,SPV,2,0,0,0,2,0,0,0,0,0,3,0,0,0,3
172,6,RS11.22,24/05/2017,1620,1624,1628,4,OWO - T/SHIP,KM 3 IMADE COLLEGE,JJJ 738 XG & NO NOS,TRK & BIKE,2 COM,DAF & BAJAJ,TRK & BOXERS,,,,DGD,2,0,0,0,2,0,0,0,0,0,3,0,0,0,3
173,7,RS11.22,0,0,0,0,0,0,0,0,0,0,0,0,,,,0,0,0,0,0,0,0,0,0,0,0,0,0,0,0,0
174,8,RS11.22,0,0,0,0,0,0,0,0,0,0,0,0,,,,0,0,0,0,0,0,0,0,0,0,0,0,0,0,0,0
176,1,RS11.23,04/05/2017,0920,0921,0923,2,IKR - T/SHIP,2O M  WEMA BANK OPP FRSC BASE IKR,QX 10 AKD,BIKE,COM,HAOJUE,SUZUKI,,,,BFL,2,0,0,0,2,0,0,0,0,0,3,0,0,0,3
177,2,RS11.23,06/05/2017,0330,0334,0337,3,IKR - OWO,KM 02 SHAKUME ,XA 860 CRC,BUS,COM,FIAT,J5,,,,SPV,1,1,0,0,2,0,0,0,0,0,9,1,0,0,10
178,3,RS11.23,06/05/2017,1130,1133,1139,6,IKR - OWO,KM 21 OPP MTN MAST,AKR 10 MS,CAR,PVT,TYT,CAMRY,,,,SPV,1,0,0,0,1,0,0,0,0,0,2,3,0,0,5
179,4,RS11.23,07/05/2017,0705,0709,0721,12,IKR - ISUA,KM 18 OKIA HILL,DJA 02 XA,TRK,COM,MAN DIESEL,TRK,,,,BFL,1,0,0,0,1,0,0,0,0,0,2,0,0,0,2
180,5,RS11.23,07/05/2017,1143,1144,1146,2,IKR - OWO,KM 02 SHAKUME BRIDGE ,MKA 411 YJ,BUS,COM,FIAT,J5,,,,SPV,1,1,0,0,2,0,0,0,0,0,1,1,0,0,2
181,6,RS11.23,13/05/2017,0320,0323,0336,13,IKR - AJW,KM 19 GEDEGEDE BRIDGE,ABJ 872 YJ,BUS,COM,TYT,HIACE ,,,,SPV,6,0,1,0,7,10,0,2,0,12,16,0,3,0,19
182,7,RS11.23,0,0,0,0,0,0,0,0,0,0,0,0,,,,0,0,0,0,0,0,0,0,0,0,0,0,0,0,0,0
184,1,RS11.24,07/05/2017,2200,2202,2208,6,OND - T/SHIP,KM 04 OGBODU STREET ODOTU,LND 812 QB,BIKE,COM,BAJAJ,BOXERS,,,,SPV,0,0,0,0,0,0,1,0,0,1,1,1,0,0,2
185,2,RS11.24,11/05/2017,0730,0732,0740,8,OND - IFE,KM 5 PELE,LND 865 BP & NO NOS,CAR & BIKE,PVT & COM,TYT & JINCHANG,CARINA & BIKE,,,,SPV & DGD,1,0,0,0,1,1,0,0,0,1,3,0,0,0,3
186,3,RS11.24,11/05/2017,1723,1725,1740,15,OND - IFE,KM 13 PELE,ND 865 LSD & GKB 701 QA,CAR & BIKE,PVT & COM,TYT & HAOJUE,CAMRY & HONDA,,,,SPV & DGD,1,0,0,0,1,1,0,0,0,1,3,0,0,0,3
187,4,RS11.24,16/05/2017,0830,0850,0904,14,OND - ORE,KM 9 LIYETU,FKJ 428 XQ,CAR,COM,MAZDA,CARINA & BIKE,,,,SPV & LOC,0,0,0,0,0,0,0,0,0,0,3,0,0,0,3
188,5,RS11.24,16/05/2017,1330,1333,1345,12,OND - ORE,KM 8 IGBADO ,"LSD 467 XC, LSR 562 BB & XA 715 KLK",2 TRK & JEEP,2 COM & PVT,"DAF, LEXUS & MAN DISEAL",2 TRK & JEEP,,,,SPV & LOC,2,1,0,0,3,0,0,0,0,0,3,1,0,0,4
189,6,RS11.24,23/05/2017,0900,0902,0912,10,OND - ORE,KM 7 INDICO AXIS,PKM 246 XA & QZ 188 RE,TRL & BIKE,2 COM,DAF &  HAOJUE,TRL & SUZUKI,,,,SPV,1,0,0,0,1,0,0,0,0,0,4,0,0,0,4
190,7,RS11.24,27/05/2017,0545,0547,0553,6,OND - ORE,KM 3 IFE R/ABOUT,APP 873 XJ ,BUS,COM,V/WAGEN,BUS,,,,SPV & LOC,3,5,0,0,8,0,0,0,0,0,9,17,0,0,26
191,8,RS11.24,29/05/2017,2120,2122,2136,14,OND - ORE,KM 12 IGBADO,BDR 789 AA & EKY 935 AQ,JEEP & CAR,2 PVT,NISSAN & V/WAGEN,PATHFINDER & GOLF,,,,SPV,4,1,0,0,5,0,0,0,0,0,4,1,0,0,5
193,1,RS11.25,0,0,0,0,0,0,0,0,0,0,0,0,,,,0,0,0,0,0,0,0,0,0,0,0,0,0,0,0,0
203,1,RS11.2,01/06/2017,2015,2020,2025,5,AKR - IPT,KM 12 ERO,NO NOS & NOS NOT SEEN,2 BUS,2 COM,TYT & FIAT,HIACE & DUCATO,,,,DGD,2,0,0,0,2,1,0,0,0,1,3,0,0,0,3
204,2,RS11.2,06/06/2017,1740,1745,1750,5,AKR - OWO,KM 3 QUARTER GUARD AREA,"RSH 34 FM, JTA 252 XA & NO NOS","JEEP, CAR & BIKE",PVT & 2 COM,"PATHFINDER, NISSAN & BAJAJ","JEEP, ALMERA & BIKE",,,,"DGD, WOV & SPV",2,0,1,1,4,0,0,0,0,0,6,0,1,1,8
205,3,RS11.2,07/06/2017,2140,2144,2154,10,AKR - ADO,KM 1 NEAR IGOBA JUNCT,LSR 736 CZ & BEN 349 DY,CAR & CAR,2 PVT,TYT & M/BENZ,CAMRY & FOMATIC,,,,DGD,3,0,1,0,4,0,0,0,0,0,3,0,1,0,4
206,4,RS11.2,10/06/2017,0120,0130,0135,5,AKR - OWO,KM 1 ROAD BLOCK,FKJ 240 XC & LSD 715 FG,BUS & CAR,COM & PVT,TYT & HONDA,HIACE & ACCORD,,,,DGD,3,1,0,0,4,0,0,0,0,0,7,3,0,0,10
207,5,RS11.2,16/06/2017,1910,1917,1927,10,AKR - OWO,KM 20 OGBESE VILLAGE,RSH 464 ZA & AJA 670 AA,BUS & CAR,COM & PVT,TYT &  NISSAN,HIACE & SUNNY,,,,SPV & FTQ,11,1,0,0,12,1,0,0,0,1,14,1,0,0,15
209,1,RS11.21,04/06/2017,0915,0935,0955,20,ORE - BEN,KM 22 ASEJIRE VILLAGE,XB 334 LEH & FKJ 473 XD,BUS & TRL,2 COM,TYT & MACK,HIACE & TRL,,,,SPV,0,0,0,0,0,1,0,0,0,1,1,0,0,0,1
210,2,RS11.21,04/06/2017,1115,1135,1155,20,ORE - OND,KM 20 AJUE AXIS,"FST 585 XF, APP 543 XD & FKY 461 BX",2 TRK & BUS,2 COM & PVT,"MAN DIESEL, SCANIA & TYT","TRK, TRK & PICNIC",,,,SPV,1,0,0,1,2,2,2,0,0,4,3,2,0,1,6
212,1,RS11.22,04/06/2017,1358,1359,1400,1,OWO - AKR,KM 3 ISUADA JUCNT.,XG 254 KT & XC 470 BAU,TRK & BUS,2 COM,M/BENZ & FIAT,TRK & DUCATOMAXI,,,,MDV & SPV,0,0,0,0,0,0,0,0,0,0,5,0,0,0,5
213,2,RS11.22,11/06/2017,1433,1440,1442,2,OWO - AKR,KM 8 B/4 EMURE VILLAGE,XD 886 GNN & FFN 323 XA,2 CAR,2 COM,2 V/WAGEN,2 GOLF ,,,,"DGD, BRD",1,0,0,0,1,1,0,0,0,1,6,0,0,0,6
214,3,RS11.22,16/06/2017,1700,1717,1727,10,OWO - AKR,KM 10 AMURIN VILLAGE,"BEN 139 HT, FKJ 432 HQ & 07DO500",2 CAR & P/UP,2 PVT & GOV,"BENZ, V/WAGEN & TYT","C230, GOLF & HILUX",,,,OBS & SPV,0,2,0,0,2,0,0,0,0,0,3,5,0,0,8
216,1,RS11.23,10/06/2017,2240,2253,2259,6,IKR - OWO,KM  2 ODORUWA BRIDGE IKR,DBT 293 XA,TRL,COM,HOWO,TRL,DANGOTE,,,SPV,1,0,0,0,1,0,0,0,0,0,2,0,0,0,2
217,2,RS11.23,11/06/2017,0920,0925,0937,12,IKR - ISUA,KM 18 OKE OKA,NO NOS,TRL,COM,MACK,TRL,,,,BFL,4,0,0,0,4,0,1,0,1,2,4,1,0,1,6
218,3,RS11.23,13/06/2017,0300,0310,0327,17,IKR - ISUA,KM 19 OKIA VALLEY,NO NOS,TRL,COM,IVECO,TRL,,,,BFL & LOC,2,0,0,0,2,2,0,0,0,2,4,0,0,0,4
219,4,RS11.23,14/06/2017,1320,1321,1323,2,IKR - ISUA,KM 19 OKE OKA,BDG 93 XC,TRK,COM,SCANIA,TRK,,,,BFL,2,0,0,0,2,0,0,0,0,0,4,0,0,0,4
220,5,RS11.23,24/06/2017,1435,1441,1455,14,IKR - ISUA,KM 21 OKIA HILL,KMC 592 ZB,TRL,COM,MACK,TRL,,,,SPV,1,0,0,0,1,0,0,0,0,0,4,0,0,0,4
221,6,RS11.23,25/06/2017,1635,1641,1655,14,IKR - ISUA,KM 5 ADELOJU VILLAGE IBOROPA,JJJ 627 BF,CAR,PVT,TYT,CAMRY,,,,SPV,3,0,0,0,3,1,0,0,0,1,4,0,0,0,4
222,7,RS11.23,28/06/2017,1355,1356,1359,3,IKR - AJW,KM 6 OPP CMRD ADETUJI HOSE ERUSU AKOKO,MUS 154  XA,BUS,COM,TYT,HIACE,,,,SPV,0,3,0,0,3,0,0,0,0,0,1,7,0,0,8
224,1,RS11.24,12/06/2017,0735,0737,0746,9,OND - ORE,KM 7 AHOYAYA,FST 765 AZ & SMK 508 QB,CAR & BIKE,PVT & COM,NISSAN & HAOJUE,PRIEMERA & SUZUKI,,,,UPD & LOC,3,0,0,0,3,0,0,0,0,0,4,0,0,0,4
225,2,RS11.24,12/06/2017,1915,1917,1926,9,OND - ORE,KM 5 CATHOLIC JUNCT.,AGL 253 EA & FFF 750 VP,CAR & BIKE,PVT & COM,HYUNDAI & BAJAJ,ACCENTRAL & BOXERS,,,,SPV,3,0,0,0,3,0,0,0,0,0,4,0,0,0,4
227,1,RS11.25,13/06/2017,0430,0432,0435,3,IFON - OWO,KM 0.5 OPP BASIC HEALTH CENTRE IFON,ACA 530 XT,TRK,COM,M/BENZ,911,,,,SPV & DGD,1,0,0,0,1,1,0,0,0,1,3,0,0,0,3
228,2,RS11.25,17/06/2017,1635,1640,1645,5,IFON - OWO,KM 1 GOSSON FILLING STATION,EF 629 SMK,BUS,PVT,TYT,SIENNA,,,,TBT,0,0,0,0,0,0,0,0,0,0,2,0,0,0,2
229,3,RS11.25,28/06/2017,1148,1150,1152,2,IFON - BEN,KM 1/2 AFTER AJEGUNLE JUNCT,UML 346 QC,BIKE,COM,DAYLONG,BIKE,,,,SPV,0,0,0,0,0,1,0,0,0,1,2,0,0,0,2
241,1,RS11.2,02/07/2017,0650,0700,0705,5,AKR - IPT,KM 02 ACAD,NO NOS,BIKE,COM,BAJAJ,BIKE,,,,SPV,1,1,0,0,2,0,0,0,0,0,1,1,0,0,2
242,2,RS11.2,05/07/2017,1230,1235,1240,5,AKR - OWO,KM 03  BABALOLA JUNCTION,"QV 606 MUS, SGM 724 WF & JTA 77 AA",2 BIKE & CAR,2 COM & PVT,"JINCHENG, BAJA & MAZDA",2 BIKE & 626,,,,SPV,1,0,0,0,1,1,0,0,0,1,4,0,0,0,4
243,3,RS11.2,05/07/2017,1846,1850,1855,5,AKR - OWO,KM 01 SEBI JUNCTION,HIT & RUN,HIT & RUN,HIT & RUN,HIT & RUN,HIT & RUN,,,,SPV,0,0,0,0,0,1,0,0,0,1,2,0,0,0,2
244,4,RS11.2,06/07/2017,0710,0715,0720,5,AKR - OND,KM11 MILITARY BRIGADE JUNCTION,KJA 809 BT & NO NOS,CAR & BIKE,PVT & COM,TYT & HAOJUE,COROLLA & SUZUKI,,,,SPV & DGD,1,0,0,0,1,1,0,0,0,1,2,0,0,0,2
245,5,RS11.2,10/07/2017,1640,1700,1715,15,AKR - OND,KM 11 OLOKUTA PRISON AREA,ABJ 325 AQ & FC 534 LSR,2 CAR,2 PVT,TYT & V/WAGEN,CAMRY & GOLF,,,,WOV,0,0,0,0,0,0,0,0,0,0,2,1,0,0,3
246,6,RS11.2,12/07/2017,1805,1810,1815,5,AKR - OWO,KM 7.5 FGGC,XB 566 KAK & 3 NO NOS,"2 BUS, VAN & BIKE",4 COM,"TYT, SHERPA, RANGE & OXERS","HIACE, BUS, ROVER & BIKE",,,,"SPV, DGD",1,0,0,0,1,1,0,0,0,1,4,0,0,0,4
247,7,RS11.2,22/07/2017,2028,2031,2035,4,AKR - OWO,KM 2,APP 661 DL & RUW 72 XA,2 CAR,PVT & COM,M/BENZ & V/W,4MATIC & GOLF,,,,SPV & DGD,3,0,0,0,3,0,0,0,0,0,3,0,0,0,3
248,8,RS11.2,26/07/2017,1100,1110,1117,2,AKR - IPT,KM 3.5 IBULE,FKJ 774 DC & AKR 528 TE,2 CAR,2 PVT,TYT & MIST,CAMRY & GALANT,,,,SPV,1,1,2,1,5,0,0,0,0,0,2,1,2,1,6
250,1,RS11.21,01/07/2017,1617,1634,1655,21,ORE - BEN,KM 26 GILLVANT QUARRY FRM ORE,JJJ 963 XR & XA 724 KLK,BUS &  CAR,2 COM,TYT & FREIGHTLINER,HIACE & CAR,,,,SPV,4,0,0,0,4,0,0,0,0,0,8,6,0,0,14
251,2,RS11.21,04/07/2017,0644,0723,0733,10,ORE - LAG,KM 17 OLUWA BRIDGE,EPE 610 XL & APP 638 DC,TRL & CAR,2 COM,DAF & VOLVO,TRL @ AMBULANCE,,,,SPV & BFL,1,2,0,0,3,1,1,0,0,2,2,3,0,0,5
252,3,RS11.21,05/07/2017,1113,1119,1123,4,ORE - BEN,KM 02 AZOP BRIDGE,FST 75 DJ & LND 778 AQ,BUS &  CAR,2 PVT,TYT & V/WAGEN,SIENNA & GOLF,,,,SPV & DOT,0,1,0,0,1,0,1,0,0,1,4,5,0,0,9
253,4,RS11.21,08/07/2017,2332,2340,2350,10,ORE - BEN,KM 2 CAROSOJI,BEN 159 KR & KSF 864 XM,2 CAR,2 PVT,V/WAGEN & M/BENZ,PASSAT B 230,,,,RTV & DAD,0,0,0,0,0,1,0,0,0,1,2,0,0,0,2
254,5,RS11.21,21/07/2017,1139,1144,1151,7,ORE - OKT,KM 1 OMILA BRIDGE,AG 227 AJA,CAR,PVT,V/WAGEN,GOLF,,,,SPV & DGD,1,0,0,1,2,1,1,0,1,3,2,1,1,1,5
255,6,RS11.21,29/07/2017,0034,0041,0047,6,ORE - BEN,KM 14 PARADISE,"LND 679 EP, KJA 14 EW & NSR 46 YC","CAR, JEEP & TRL",2 PVT & COM,2 TYT & TRL,"COROLLAR, LANDCRUSHER & TRL",,,,DOT & SPV,4,0,0,0,4,2,0,0,0,2,8,0,0,0,8
257,1,RS11.22,0,0,0,0,0,0,0,0,0,0,0,0,,,,0,0,0,0,0,0,0,0,0,0,0,0,0,0,0,0
259,1,RS11.23,01/07/2017,0845,0846,0851,5,IKR - ISUA,KM 17 IWARO OKA HILL,BRK 850 XA,TRK,COM,VOLVO,TRK,,,,BFL,1,0,0,0,1,0,0,0,0,0,4,0,0,0,4
260,2,RS11.23,02/07/2017,0703,0703,0709,6,IKR - ISUA,KM 18 IWARO OKA HILL,KWL 333 YH,TNK,COM,DAF,TNK,,,,BFL & LOC,0,0,0,0,0,0,0,0,0,0,2,0,0,0,2
261,3,RS11.23,04/07/2017,1635,1639,1643,4,IKR - ISUA,KM 17 IWARO OKA HILL,AAA 289 QM,BIKE,COM,DAYLONG,BIKE,,,,SPV,1,0,0,0,1,0,0,0,0,0,1,0,0,0,1
262,4,RS11.23,13/07/2017,1112,1115,1130,15,IKR - ISUA,KM 17 IWARO - OKA HILL,AKD 495 XB & SUL 855 XA,TRK & TRL,2 COM,SCANIA & DAF,TRK &  TRL,,,,BFL,1,0,0,0,1,0,0,0,0,0,2,0,0,0,2
263,5,RS11.23,14/07/2017,2100,2101,2105,4,IKR - ISUA,KM 17 IWARO OKA HILL,"MGU 522 XA , KMC 10 XW & 5 VECHILE  NOS NOT SEEN","2 TRL,  4 TNK &  TRK ",7 COM,4 DAF & 3 MACK,"2 TRL,  4 TNK &  TRK ",,,,BFL,4,0,0,0,4,0,0,0,0,0,14,0,0,0,14
264,6,RS11.23,19/07/2017,1433,1435,1444,9,IKR - ISUA,KM 21 OKIA HILL,LSD 990 XC,TRL,COM,MAN DIESEL,TRL,,,,BFL,1,0,0,0,1,0,0,0,0,0,3,0,0,0,3
265,7,RS11.23,21/07/2017,1230,1234,1240,6,IKR - AJOWA,KM AGBALUKU,2 NO NOS,2 BIKE,2 COM,2 BAJAJ,2 BIKE,,,,"SPV, LOC",3,0,0,0,3,0,0,0,0,0,4,0,0,0,4
267,1,RS11.24,21/07/2017,1523,1525,1535,2,OND - IFE,KM 6 BEULA,BDG 941 EP & BRS 12 XA,CAR & BUS,PVT & COM,HONDA & MAZDA,ACCORD & BUS,,,,SPV & WOV,0,0,0,0,0,0,0,0,0,0,10,1,0,0,11
268,2,RS11.24,29/07/2017,0400,0402,0416,14,OND - ORE,KM 8 IGBADO,REE  670 AA,BUS,PVT,TYT,PICNIC,,,,SPV & LOC,3,0,0,0,3,0,0,0,0,0,3,0,0,0,3
270,1,RS11.25,28/07/2017,2130,2132,2133,1,IFON - BEN,KM 1 IMORU JUNCT.,2 NO NOS,2 BIKE,2 COM,QLINK & DAYLONG,2 BIKE,,,,SPV,2,0,0,0,2,0,0,0,0,0,2,0,0,0,2
282,1,RS11.2,01/08/2017,0925,0930,0930,0,AKR - IPT,KM 4 ILARA MOKIN 1ST JUNCTION,LND 916 XR,BUS,COM,TYT,HIACE,,,,SPV & SOS,7,0,0,0,7,0,0,0,0,0,22,0,0,0,22
283,2,RS11.2,06/08/2017,1340,1400,1420,20,AKR - IPT,0,KSF 79N XJ & KTU 70 XU,TRK & BUS,2 COM,IVECO & TYT,TRK & HIACE,,,,SPV & TBT,4,2,0,0,6,0,0,0,0,0,12,4,0,0,16
284,3,RS11.2,16/08/2017,0444,0449,0453,4,AKR - IPT,KM 0.2 SCAB FILLOING STATION,FEE 866 XA & LND 16 EW,BUS & CAR,COM & PVT,MAZDA & BENZ,BUS & CAR,,,,DGD & SPV,5,0,0,0,5,0,0,0,0,0,7,0,0,0,7
285,4,RS11.2,22/08/2017,1017,1017,1022,5,AKR - OWO,KM 1.1 AUTOMART,AKR 297 MP,CAR,PVT,V/W,GOLF,,,,FQT,1,0,0,0,1,0,0,0,0,0,2,0,0,0,2
287,1,RS11.21,03/08/2017,2043,2051,2059,8,ORE - BEN,KM 1.7 FOODWAY EATERY,FKJ 611 ABC & NO N OS,CAR & BIKE,PVT & COM,M/BENZ & SUZUKI,CAR & HAOJUE,,,,SPV,1,1,0,0,2,0,0,0,0,0,2,1,0,0,3
288,2,RS11.21,05/08/2017,0052,0054,0059,5,ORE - LAG,70M ROYAL FILLING STATION,BDJ 362 XA,BUS,COM,TYT,HIACE,,,,DGD,0,1,0,0,1,0,0,0,0,0,1,1,0,0,2
289,3,RS11.21,13/08/2017,1252,1319,1326,7,ORE - LAG,KM 17 OLUWA BRIDGE,LSR 863 CL,CAR,PVT,MAZDA,MPV,,,,SPV & BRD,2,1,2,3,8,0,0,0,0,0,3,3,2,3,11
290,4,RS11.21,17/08/2017,1142,1149,1156,7,ORE - LAG,KM 19 AGRIC AXIS,FKJ 795 DJ,JEEP,PVT,LEXUS,JEEP,,,,SPV,3,1,0,0,4,0,0,0,0,0,4,1,0,0,5
291,5,RS11.21,25/08/2017,1052,1054,1059,5,ORE - LAG,KM 3.7 SIZZLER BRIDGE,NO NOS,TRL,COM,MACK,TRL,,,,FTG & LOC,0,0,0,0,0,0,0,0,0,0,1,0,0,0,1
292,6,RS11.21,30/08/2017,1545,1555,1600,5,ORE - LAG,KM 13 AGODOGUN BRIDGE,AGL 911 XG,BUS,COM,TYT,HIACE,,,,FTG,2,1,0,0,3,0,0,0,0,0,13,3,0,0,16
293,7,RS11.21,30/08/2017,1844,1845,1846,1,ORE - LAG,KM 2 AFTER ODEMSA,KNR 557 XA,BUS,COM,MAZDA,BUS,,,,TBT,0,3,0,0,3,0,0,0,0,0,3,15,0,0,18
295,1,RS11.22,29/08/2017,1901,1907,1915,8,OWO - AKR,AFTER USO,"AH 454 WWW, SMK 267 XL & XA 613 DJ","CAR, 2 TRK",PVT & 2 COM,"M/BENZ, CAT & FORD","C200, TRK & LAYLAND",,,,ROV & SPV,2,0,0,0,2,1,0,0,0,1,4,0,0,0,4
297,1,RS11.23,03/08/2017,1240,1245,1249,4,IKR - ISUA,KM 17 IWARO OKA HILL,KJA 185 XM,BUS,COM,PGT,J5,,,,BFL,1,0,0,0,1,0,0,0,0,0,3,0,0,0,3
298,2,RS11.23,10/08/2017,2050,2052,2057,5,IKR - OWO,KM 1 IKOJA BEND,JJJ 639 XL & AGL 263 XD,TNK & BUS,2 COM,MACK & PGT,TNK & J5,,,,MDV,0,0,0,0,0,0,0,0,0,0,4,1,0,0,5
299,3,RS11.23,26/08/2017,1409,1415,1423,8,IKR - ISUA,KM 17 IWARO OKA HILL,GGE 59 XA,TRL,COM,MACK,TRL,,,,BFL,2,0,0,0,2,1,0,0,0,1,3,0,0,0,3
301,1,RS11.24,05/08/2017,1946,1948,1959,11,OND - AKR,KM 8 OBOTO,FE 948 LND & LR 181 KJA,2 CAR,2 PVT,2 TYT,2 COROLLA,,,,SPV & WOV,4,1,0,0,5,0,0,0,0,0,4,1,0,0,5
302,2,RS11.24,06/08/2017,1016,1018,1028,10,OND - ORE,KM 7 BAGBE,NND  817 HV & LND 819 ER,CAR & BUS,PVT & COM,V/W & MAZDA,GOLF & BUS,,,,SPV,4,2,1,1,8,0,0,0,0,0,4,2,1,1,8
303,3,RS11.24,14/08/2017,0710,0712,0731,19,OND - ORE,KM 8 SOKA AXIS,"GED 984 AA , AE 709 GBA & ANG 679 AA",3 CAR,3 PVT,3 V/WAGON,S/WAGON & 2 PASSAT,,,,MDV & BFL,3,5,0,0,8,0,0,0,0,0,7,10,0,0,17
304,4,RS11.24,19/08/2017,1613,1615,1620,5,OND - AKR,KM 5 AKIAVI AXIS,FNN 196 QD & AKM 190 WY,2 BIKE,2 COM,KYMCO & HAOJUE,2 BIKE,,,,SPV,1,1,0,0,2,0,0,0,0,0,2,1,0,0,3
305,5,RS11.24,30/08/2017,1040,1047,1055,8,OND - ORE,KM 7 IGUSHI,SGB 471 AG,CAR,PVT,MAZDA,MAZDA,,,,SPV,1,0,0,0,1,1,0,0,0,1,2,0,0,0,2
307,1,RS11.25,0,0,0,0,0,0,0,0,0,0,0,0,,,,0,0,0,0,0,0,0,0,0,0,0,0,0,0,0,0
320,1,RS11.2,05/09/2017,1030,1040,1047,7,AKR - T/SHIP,KM 7 IGBATORO  RD OPP SCHL OF NURSING,KAA 99 AA & KJA 334 VT,CAR & BIKE,PVT & COM,NISSAN & TVS,ALMERA & BIKE,,,,SPV,1,1,0,0,2,0,0,0,0,0,2,1,0,0,3
321,2,RS11.2,10/09/2017,2145,2150,2200,10,AKR - OWO,KM 10 OBA ILE,SMK 528 XG & YA 49 MUS,TRK & CAR,PVT & COM,MACK & TYT,TRK & PREVIA,,,,OBS & SPV,4,0,0,0,4,0,0,0,0,0,5,0,0,0,5
322,3,RS11.2,19/09/2017,0200,0215,0225,10,AKR  - IPT,KM 10 AFTER KARA,SLK 184 XA & NO NOS,BUS & TRL,2 COM,TYT &N TRL,HIACE & TRL,,,,SOS,3,3,0,0,6,3,0,0,0,3,13,4,0,0,17
324,1,RS11.21,03/09/2017,1245,1255,1300,5,ORE - LAG,KM 50 SHFAS  FILLING STATION ,SMK 867 XG & FGG 33 YN,LUX BUS & TRL,2 COM,LUX & MACK,LUX & TRL,,,,RTV,4,0,0,0,4,0,0,0,0,0,19,8,0,0,27
325,2,RS11.21,08/09/2017,1210,1219,1226,7,ORE - LAG,KM 17 OLUWA BRIDGE,SM 428 XA,TNK,COM,MACK,TNK,,,,FTQ &SPV,1,0,0,0,1,2,0,0,0,2,3,0,0,0,3
326,3,RS11.21,11/09/2017,1752,1754,1759,5,ORE -  KTP,KM 06 OGBE,TTD 259 VM,BIKE,COM,BAJAJ,BOXERS,,,,SPV,1,1,0,1,3,0,0,0,0,0,1,1,0,1,3
327,4,RS11.21,12/09/2017,1100,1115,1120,5,ORE - LAG,KM 17 AGODOGUN BRIDGE,AKW 42 YC,BUS,PVT,TYT,SIENNA,,,,SPV & DGD,2,2,0,0,4,2,1,0,0,3,4,3,0,0,7
328,5,RS11.21,12/09/2017,0820,0824,0841,17,ORE - KTP,KM 34 ODE AYE ,"REE 653 XA, AG 12 REE & AKR 890 XA","TRK, CAR & P/UP",2 COM & PVT,"M/BENZ, V/WAGEN & TYT","TRK, GOLF & DYNA",,,,FTQ & DOT,3,2,0,0,5,0,1,0,0,1,5,3,0,0,8
329,6,RS11.21,16/09/2017,1257,1259,1303,4,ORE - LAG,KM 6 AFTER TOLL GATE,"GDD 609 XA, AAA 429 DD, FGE 634 XA & NO NOS","BUS, CAR, & 2 TRL",PVT & 3 COM,"2 TYT,  DAF & HOWO SINO","HIACE, PREVIA, 95, & TRL",,,,"SPV, RTV & DGD",2,3,2,0,7,1,1,0,0,2,13,11,2,0,26
330,7,RS11.21,24/09/2017,0817,0824,0829,5,ORE - LAG,KM 5 B4 MTN MAST,GOD 442 YD,BUS,PVT,V/WAGEN,BUS,,,,SPV & DGD,0,0,0,0,0,1,0,0,0,1,1,0,0,0,1
332,1,RS11.22,06/09/2017,0240,0245,0247,2,OWO - AKR,KM 1 NIPC FILLING STATION,DGE 85 XB &  JJJ 743 XJ ,BUS & TRL,2 COM,TYT & M/BENZ,HIACE & ATECO TRL,,,,SPV,4,3,0,0,7,0,0,0,0,0,16,4,2,0,22
333,2,RS11.22,09/09/2017,1430,1436,1438,2,OWO - AKR,200M CLOSE TO NIPCO FILLING STATION,LSD 818 XE,TRL,COM,M/BENZ,ATECO TRL,,,,"SPV, BRD",0,0,0,0,0,0,0,0,0,0,2,1,0,0,3
334,3,RS11.22,21/09/2017,1030,1035,1040,5,OWO - AKR,KM 4 TISCO,KSF 416 XE,TRK,COM,SCANIA,TRK,,,,MDV & LOC,1,0,0,0,1,0,0,0,0,0,2,0,0,0,2
336,1,RS11.23,02/09/2017,0955,0957,1005,8,IKR - OWO,KM 2 TOYIN'S MOTHER JUNCTION IGBEDEGBE,KJA 470 XV,BUS,COM,FIAT,J5,,,,BFL,0,1,0,0,1,0,0,0,0,0,2,1,0,0,3
337,2,RS11.23,07/09/2017,1615,1625,1629,4,IKR - OWO,KM 18 OBA POLICE STATION,XC 400 KAA,CAR,PVT,NISSAN,PRIMERA,,,,SPV,0,2,0,0,2,0,0,0,0,0,3,3,0,0,6
338,3,RS11.23,10/09/2017,1515,1520,1530,10,IKR - ISUA,KM 22 EPINMI,"MUS 623 AV, KUJ 86 ZF, FKJ 608 DZ & ABC 626 GB",3 BUS & CAR,4 PVT,4 TYT,"2 SIENNA, HIACE & CAMRY",,,,BFL,3,1,0,0,4,0,0,0,0,0,16,10,0,1,27
339,4,RS11.23,15/09/2017,1825,1827,1836,9,IKR - OWO,KM 12 AYEGUNLE IDOFIN,LSR 272 XK & QB 148 JMU,TRL & BIKE,2 COM,FOTON & HAOJUE,TRK & SUZUKI,,,,SPV,0,0,0,0,0,1,0,0,0,1,3,0,0,0,3
340,5,RS11.23,15/09/2017,2225,2228,2230,2,IKR - ADO,KM 1 OLOKO,"KMC 857 XB, ANG 185 AA, QM 646 ABC & 2 NO NOS","BUS, CAR, & 3 BIKE",PVT & 4 COM,"PGT, KIA, 2 BAJAJ & NANFANG","J5, ALTIMA, 2 BOXERS & BIKE",,,,BFL,1,0,0,0,1,0,0,0,0,0,2,0,0,0,2
342,1,RS11.24,04/09/2017,1250,1304,1315,11,OND - AKR,KM2 DAY SPRING HOTEL,ABG 316 VP & JGB 573 WH,2 BIKE,2 COM,HERO DAWN & TVS,2 BIKE,,,,RTV,2,0,0,0,2,0,0,0,0,0,2,0,0,0,2
343,2,RS11.24,04/09/2017,1459,1524,1534,10,OND - T/SHIP,KM 1 SURULERE,LBD 526 QE & HIT & RUN,BIKE,COM,BOXERS,BIKE,,,,SPV,2,1,0,0,3,0,0,0,0,0,2,1,0,0,3
344,3,RS11.24,07/09/2017,1910,1941,2002,11,0,0,0,BIKE,COM,TVS,BIKE,,,,DAD,1,0,0,0,1,0,0,0,0,0,3,0,0,0,3
345,4,RS11.24,08/09/2017,0856,00904,0910,6,OND - AKR,KM 1 FCMB,XW 78 RBC,P/UP,COM,TYT,CABSTAR,,,,SPV,2,0,0,0,2,0,0,0,0,0,2,0,0,0,2
346,5,RS11.24,10/09/2017,2242,2254,2311,17,OND - ORE,KM 3 CIVIC CENTER,BC 632 QF,CAR,PVT,TYT,PREVIA,,,,LOC,2,0,0,0,2,0,0,0,0,0,3,0,0,0,3
347,6,RS11.24,19/09/2017,0931,0956,1004,10,OND - ORE,KM 2 LIVE TV,NND 854 XA & KJA 465 TN,2 CAR,COM & PVT,V/WAGEN & HONDA,GOLF & ACCORD V-TEC,,,,SPV,2,0,0,0,2,0,0,0,0,0,7,1,3,0,11
348,7,RS11.24,24/09/2017,0921,0933,0941,8,OND - ORE,KM 1,"AP 703 NND,  NND 505 HV & NO NOS","BUS, CAR & BIKE",2 PVT & COM,"NISSAN, V/WAGEN & HAOJUE","QUEST, GOLF & SUZUKI",,,,SPV,1,0,0,0,1,0,0,0,0,0,3,0,0,0,3
349,8,RS11.24,24/09/2017,1247,1249,1259,10,OND - IFE,KM 1 WESLEY UNIVERSITY,KER 500 XD & NO NOS,CAR & BIKE,PVT & COM,TYT & BOXERS,PREVIA & BM 100,,,,SPV,1,0,0,0,1,0,0,0,0,0,4,3,2,1,10
350,9,RS11.24,29/09/2017,2147,2219,2219,1,OND - AKR,KM 3 ADEPETU,NO NOS,BIKE & HIT & RUN,COM,TVS,BIKE,,,,SPV,1,0,0,0,1,0,0,0,0,0,2,0,0,0,2
352,1,RS11.25,15/09/2017,1610,1620,1625,5,IFON - OWO,KM 1 AFTER ORI - OHI,AAA 528 AQ,CAR,PVT,TYT,CAMRY,,,,BRD,0,0,0,0,0,0,0,0,0,0,2,0,0,0,2
353,2,RS11.25,26/09/2017,1250,1300,1310,10,IFON - OWO,KM 1 OPP SABO IFON,KAK 65 XA,BUS,COM,TYT,HIACE,,,,TBT,5,0,0,0,5,0,0,0,0,0,13,5,0,0,18
